revision,best_auroc,best_layer,optimal_threshold,sensitivity,specificity,status
step457000-tokens2022B,0.7393000000000001,20,-0.017600564395680147,0.665,0.78,success
step456000-tokens2017B,0.7129,31,-0.0814650898248377,0.685,0.7150000000000001,success
step455000-tokens2013B,0.69045,31,-0.04377184416118421,0.91,0.42000000000000004,success
step454000-tokens2008B,0.702,20,-0.008521274237968904,0.525,0.85,success
step453000-tokens2004B,0.678525,20,-0.021642258292750308,0.635,0.75,success
step452000-tokens2000B,0.773725,31,-0.14558919270833334,0.74,0.765,success
step451000-tokens1995B,0.623675,28,-0.0291083613528481,0.655,0.5900000000000001,success
step450000-tokens1991B,0.6817,20,-0.02622196173212331,0.63,0.74,success
step449000-tokens1986B,0.76415,20,-0.016040378146701388,0.67,0.79,success
step448000-tokens1982B,0.697125,20,0.0009504464956430289,0.555,0.84,success
step447000-tokens1977B,0.60915,19,0.009238641912286932,0.475,0.74,success
step446000-tokens1973B,0.702025,31,-0.14147201956134953,0.64,0.735,success
step445000-tokens1969B,0.67735,19,0.044070279156720196,0.465,0.895,success
step444000-tokens1964B,0.675925,6,-0.017317913196705007,0.42,0.895,success
step443000-tokens1960B,0.66855,19,0.010226601048519737,0.44,0.905,success
step442000-tokens1955B,0.6201249999999999,6,0.0005819185183999317,0.47,0.78,success
step441000-tokens1951B,0.6531,19,0.03653790121493132,0.3,0.98,success
step440000-tokens1946B,0.6761250000000001,19,0.022451811198946795,0.325,0.965,success
