revision,best_auroc,best_layer,optimal_threshold,sensitivity,specificity,status
step312000-tokens1380B,0.6852999999999999,22,0.01087776718625597,0.59,0.8049999999999999,success
step311000-tokens1376B,0.621725,8,-0.09301159745555813,0.765,0.49,success
step310000-tokens1371B,0.6526,22,-0.0916529705649928,0.66,0.645,success
step309000-tokens1367B,0.6941999999999999,31,-0.10717031118032094,0.59,0.725,success
step308000-tokens1362B,0.718125,22,-0.016709463936941966,0.895,0.42500000000000004,success
step307000-tokens1358B,0.6893750000000001,22,0.0481402414099214,0.84,0.47,success
step306000-tokens1354B,0.76485,8,-0.05013847351074219,0.76,0.7150000000000001,success
step305000-tokens1349B,0.6944500000000001,8,-0.007256325160231546,0.545,0.775,success
step304000-tokens1345B,0.7000749999999999,31,-0.027690463595920138,0.74,0.63,success
step303000-tokens1340B,0.7656000000000001,31,-0.2595672607421875,0.84,0.615,success
step302000-tokens1336B,0.6764,21,0.03811032584543978,0.395,0.925,success
step301000-tokens1332B,0.7273749999999999,1,-0.012123753474308894,0.865,0.5549999999999999,success
step300000-tokens1327B,0.64795,31,-0.09812059589460784,0.89,0.39,success
step299000-tokens1323B,0.8955,27,-0.11235230227550828,0.735,0.9299999999999999,success
step298000-tokens1318B,0.8387249999999999,26,-0.11188711771150915,0.765,0.825,success
