revision,best_auroc,best_layer,optimal_threshold,sensitivity,specificity,status
step526000-tokens2327B,0.699875,8,-0.0027620567465728185,0.535,0.8049999999999999,success
step525000-tokens2322B,0.6699749999999999,31,-0.06189834239871003,0.625,0.73,success
step524000-tokens2318B,0.7561375,9,-0.06223116429324078,0.56,0.9,success
step523000-tokens2314B,0.70055,9,-0.05700780474950397,0.52,0.8049999999999999,success
step522000-tokens2309B,0.6460999999999999,19,0.005489073950668861,0.675,0.61,success
step521000-tokens2305B,0.7402500000000001,19,0.003509253786321272,0.635,0.8200000000000001,success
step520000-tokens2300B,0.7165250000000001,19,0.009306691037518437,0.6,0.795,success
step519000-tokens2296B,0.696275,12,-0.06705002663893077,0.445,0.875,success
step518000-tokens2291B,0.743975,9,-0.05830885510925853,0.64,0.76,success
step517000-tokens2287B,0.69125,19,0.02432436261858259,0.46,0.91,success
step516000-tokens2283B,0.67075,19,0.017689837859227106,0.515,0.81,success
step515000-tokens2278B,0.7816750000000001,16,-0.06508156105324074,0.725,0.785,success
step514000-tokens2274B,0.633625,19,0.051572868622929216,0.45,0.855,success
step513000-tokens2269B,0.7768750000000001,9,-0.08534032648259943,0.67,0.76,success
step512000-tokens2265B,0.657075,19,0.05475921630859375,0.345,0.92,success
