revision,best_auroc,best_layer,optimal_threshold,sensitivity,specificity,status
step341000-tokens1508B,0.6749,24,-0.057497778910635254,0.665,0.675,success
step340000-tokens1504B,0.674175,19,-0.05658388137817383,0.66,0.64,success
step339000-tokens1500B,0.769425,26,-0.12771065100359405,0.81,0.63,success
step338000-tokens1495B,0.752625,31,-0.10148859959022671,0.685,0.775,success
step337000-tokens1491B,0.6642250000000001,24,0.052194467039920825,0.59,0.7050000000000001,success
step336000-tokens1486B,0.6713,28,-0.14846287602963654,0.56,0.745,success
step335000-tokens1482B,0.6882749999999999,22,-0.014377259371573465,0.675,0.63,success
step334000-tokens1478B,0.73905,24,-0.033895089076115534,0.605,0.8049999999999999,success
step333000-tokens1473B,0.699725,27,-0.022525862151501225,0.55,0.8049999999999999,success
step332000-tokens1469B,0.6330500000000001,25,0.022674556732177734,0.37,0.88,success
step331000-tokens1464B,0.7078749999999999,31,-0.20455577761627908,0.65,0.74,success
step330000-tokens1460B,0.6539,20,0.0024459862414701484,0.52,0.8049999999999999,success
step329000-tokens1455B,0.671825,25,-0.26844416437922297,0.795,0.52,success
